{
  "galaxy_name": "NGC2403_synthetic",
  "analysis_date": "2025-07-21",
  "data_summary": {
    "n_points": 25,
    "radial_range_kpc": [
      0.5,
      20.000000000000004
    ],
    "velocity_range_kms": [
      43.3606566511686,
      93.63754769898168
    ]
  },
  "fit_statistics": {
    "chi2_best": 326.0184482304536,
    "reduced_chi2": 18.112136012802978,
    "degrees_of_freedom": 18,
    "n_parameters": 7
  },
  "stvg_parameters": {
    "alpha": 1.0,
    "beta": 1.0,
    "m_A": 1e-30,
    "Upsilon_disk": 0.6920537467068864,
    "Upsilon_bulge": 0.4819511522924417,
    "distance": 3.2,
    "inclination": 66.51228814703907
  }
}